"text","category","language"
"I need approval before I can close this ticket.","Work/Office","English"
"Isko behtar samajhne ke liye kahan dekhna chahiye?","General","Hinglish"
"The scenic overlook on the drive was worth the detour.","Travel","English"
"What are the eligibility criteria for this scheme?","General","English"
"Manager ne presentation ko das slides tak short karne ko bola.","Work/Office","Hinglish"
"Kisi se baat karke bahut halka feel ho raha hai ab.","Mood","Hinglish"
"Aaj subah bina wajah ache mood mein uthaa.","Mood","Hinglish"
"I finally booked tickets for the trip to the hills.","Travel","English"
"Meri complaint ticket haftonse open hai, koi update nahi.","Complaint","Hinglish"
"The package arrived completely damaged and unusable.","Complaint","English"
"Woh kaam finally khatam karke ek sukoon bhara sa feel aa raha hai.","Mood","Hinglish"
"I got pulled into an urgent bug fix this morning.","Work/Office","English"
"The road was closed for repairs so we took a detour.","Travel","English"
"I need to reserve a table at that place near the hotel.","Travel","English"
"My chest tightens a little when the pollen count is high.","Health","English"
"I need sign-off from legal before sending this out.","Work/Office","English"
"Gadget kharidne ke ek hafte baad hi charge hona band ho gaya.","Complaint","Hinglish"
"Our hotel had an amazing view of the harbor.","Travel","English"
"The performance review cycle starts next Monday.","Work/Office","English"
"Isko activate karwane ka typical process kya hota hai?","General","Hinglish"
"I've been stuck debugging this issue since morning.","Work/Office","English"
"Mera account lock ho gaya hai aur support reply hi nahi kar raha.","Complaint","Hinglish"
"Time pe pahuchne ke baad bhi hotel room ready nahi tha.","Travel","Hinglish"
"Everything feels pointless right now, I don't know why.","Mood","English"
"Teesre din se internet connection bilkul unstable chal raha hai.","Complaint","Hinglish"
"Yeh section sahi tarike se bharne mein guide kar sakte ho?","General","Hinglish"
"My back seizes up whenever I bend down.","Health","English"
"I pulled a muscle in my shoulder lifting boxes.","Health","English"
"Hamari flight schedule se ek ghanta pehle land hui, acha laga.","Travel","Hinglish"
"There's a nervous flutter in my stomach right now.","Mood","English"
"I have a one-on-one with my manager scheduled tomorrow.","Work/Office","English"
"Team lead ne naya module mujhe assign kiya hai.","Work/Office","Hinglish"
"I've been waiting three weeks for a refund that still hasn't come.","Complaint","English"
"I keep getting an 'invalid request' error on every checkout attempt.","Complaint","English"
"Poore hafte baad bhi mere email ka koi reply nahi aaya.","Complaint","Hinglish"
"What information do I need to have ready beforehand?","General","English"
"Kal se sungh nahi paa raha hoon kuch bhi.","Health","Hinglish"
"Website ke error ki wajah se card se kai baar paisa kat gaya.","Complaint","Hinglish"
"We missed the last local train and had to take a cab instead.","Travel","English"
"I feel like everything is closing in on me right now.","Mood","English"
"I've had puffy, swollen eyes since I woke up.","Health","English"
"Iske liye apply karne ke liye kaunse documents chahiye?","General","Hinglish"
"Hamare itinerary mein sirf paanch dino mein teen shehar hain.","Travel","Hinglish"
"Aaj dopahar ek mandatory fire drill rakha gaya hai.","Work/Office","Hinglish"
"I feel like I could take on the whole world right now.","Mood","English"
"Pahado ki scenic drive expected se zyada lambi ho gayi.","Travel","Hinglish"
"I feel small and unimportant most days now.","Mood","English"
"Pait mein ajeeb sa gudgudi wala dard ho raha hai.","Health","Hinglish"
"There's a sharp pain running down my lower back.","Health","English"
"I have to review the pull requests before the release.","Work/Office","English"
"Can someone explain how the points system works here?","General","English"
"Schedule badalne ke baad humein tickets rebook karni padi.","Travel","Hinglish"
"What's the process to switch to a different plan?","General","English"
"Bhaari baarish ki wajah se road trip beech mein hi rok di.","Travel","Hinglish"
"What does this particular status actually mean?","General","English"
"I've been feeling really content with how life is going.","Mood","English"
"Is task ka general workflow explain kar sakte ho?","General","Hinglish"
"Can you tell me how this whole system is structured?","General","English"
"My account got locked and support isn't responding.","Complaint","English"
"Storm warning ki wajah se travel plans badalne pade.","Travel","Hinglish"
"Pindli mein baar baar cramp aa raha hai.","Health","Hinglish"
"I've been asked to shadow a senior colleague this week.","Work/Office","English"
"Can you explain what happens after submission?","General","English"
"I've got a tight, uncomfortable pressure in my chest.","Health","English"
"Woke up shivering with a fever last night.","Health","English"
"Jaane wale employee ke saath handover coordinate karna hai.","Work/Office","Hinglish"
"I can't keep any food down since this morning.","Health","English"
"Khaansi peeche padhi hi nahi hai teen din se.","Health","Hinglish"
"Baar baar side mein teekhi si cheez chubhti hai.","Health","Hinglish"
"I keep getting the same error every time I try to log in.","Complaint","English"
"I've been snapping at small things that don't usually bother me.","Mood","English"
"Order ek mahine late aaya, koi explanation bhi nahi diya.","Complaint","Hinglish"
"My sinuses are completely blocked, can't breathe through my nose.","Health","English"
"Our itinerary includes three cities in just five days.","Travel","English"
"The product came with missing parts and no instructions.","Complaint","English"
"Our flight landed an hour ahead of schedule, which was nice.","Travel","English"
"Transaction complete hone se pehle hi app ne paisa kaat liya.","Complaint","Hinglish"
"Size clearly bataya tha phir bhi unhone galat size bhej diya.","Complaint","Hinglish"
"I've been battling constant fatigue for over a week.","Health","English"
"Our flight got upgraded at the last minute, quite a surprise.","Travel","English"
"I'm in such high spirits after that phone call.","Mood","English"
"Aankhon mein pani aa raha hai aur khujli bhi ho rahi hai.","Health","Hinglish"
"There's a burning sensation in my chest after meals.","Health","English"
"Subah se ek bhaari udaasi chhayi hui hai.","Mood","Hinglish"
"Yeh poori cheez kaise kaam karti hai, break down kar sakte ho?","General","Hinglish"
"I've had a stiff neck since sleeping in that position.","Health","English"
"The cold I caught last week just won't fully clear.","Health","English"
"Das minute baad customer service line automatically disconnect ho jaati hai.","Complaint","Hinglish"
"I've been quietly frustrated with myself all day.","Mood","English"
"Aaj highway ke toll booth pe bahut zyada jam laga.","Travel","Hinglish"
"Agle hafte ke liye leave request daalni hai.","Work/Office","Hinglish"
"The order confirmation never arrived even though payment went through.","Complaint","English"
"Bahut dino baad khushi ki halki si chingari feel hui.","Mood","Hinglish"
"Achanak raat ko paseena chhut jaata hai neend mein.","Health","Hinglish"
"Kal se mera gala bahut kharab hai, nigalna mushkil hai.","Health","Hinglish"
"I stayed late last night finishing the client deliverable.","Work/Office","English"
"I've been feeling so isolated lately, even in a crowd.","Mood","English"
"Feeling utterly drained even after a full night's rest.","Health","English"
"I've been unusually cheerful ever since the good news.","Mood","English"
"Gale mein khujli si hoti hai jo khaansi ban jaati hai.","Health","Hinglish"
"Seedhi chadhte waqt ghutno se ab awaaz aati hai.","Health","Hinglish"
"Is scheme ke liye eligibility criteria kya hai?","General","Hinglish"
"Checkout ke waqt actual price ke baare mein galat bataya gaya.","Complaint","Hinglish"
"Is there a limit on how many times I can do this?","General","English"
"Ek din bachane ke liye overnight train pakad rahe hain.","Travel","Hinglish"
"The team lead assigned the new module to me.","Work/Office","English"
"Ek extra convenience fee jod diya jo pehle dikhaya hi nahi tha.","Complaint","Hinglish"
"My manager approved my request to work remotely on Friday.","Work/Office","English"
"Ek hidden fee laga diya gaya jo kahin bataya hi nahi gaya tha.","Complaint","Hinglish"
"My manager is out this week so approvals are delayed.","Work/Office","English"
"Energy level bilkul neeche gaya hua hai aajkal.","Health","Hinglish"
"Mahina khatam hone se pehle expense reports submit karni hain.","Work/Office","Hinglish"
"Our flight got delayed by three hours at the last minute.","Travel","English"
"Presentation se thik pehle laptop crash ho gaya.","Work/Office","Hinglish"
"Takhne mein sujan aa gayi hai girne ke baad se.","Health","Hinglish"
"I feel like I'm on top of the world right now.","Mood","English"
"The highway toll booths caused a massive backup today.","Travel","English"
"The tracking number they gave me doesn't even work.","Complaint","English"
"Yeh kaise function karta hai, iske baare mein aur kahan jaanu?","General","Hinglish"
"Staff bilkul interested hi nahi laga meri madad karne mein.","Complaint","Hinglish"
"Extra baggage ke liye airline ne alag se charge liya.","Travel","Hinglish"
"Is release ke liye teen alag teams ke saath coordinate kar raha hoon.","Work/Office","Hinglish"
"Subah uthte hi lag raha tha jaise poora badan pit gaya ho.","Health","Hinglish"
"There's a mandatory fire drill scheduled for this afternoon.","Work/Office","English"
"The technician left without actually fixing the issue.","Complaint","English"
"Seller mere messages ka koi reply hi nahi de raha.","Complaint","Hinglish"
"Aaj pichle quarter ke numbers ka review ho raha hai.","Work/Office","Hinglish"
"Can you explain the logic behind how this works?","General","English"
"Emotionally bilkul khaali sa feel ho raha hoon abhi.","Mood","Hinglish"
"Mujhe khaana khaate hi ulti jaisa lag raha hai.","Health","Hinglish"
"Kal ke road trip ke liye bag pack kar raha hoon.","Travel","Hinglish"
"I've barely slept the past three nights, tossing and turning.","Health","English"
"The packaging was so poor that half the contents spilled out.","Complaint","English"
"I feel emotionally wrung out after that conversation.","Mood","English"
"The airport was unusually quiet this early in the morning.","Travel","English"
"I've been feeling detached from things I used to enjoy.","Mood","English"
"How do I know which option is right for me?","General","English"
"Rental car ka tyre shehar ke bahar hi punchure ho gaya.","Travel","Hinglish"
"Skin chipchipi lag rahi hai aur paseena bina wajah ke aa raha hai.","Health","Hinglish"
"Bina koi notice diye meri booking cancel kar di unhone.","Complaint","Hinglish"
"The flight got diverted due to bad weather at the destination.","Travel","English"
"Result sochte hi pait mein halki si ghabrahat hoti hai.","Mood","Hinglish"
"Mere liye kaunsa option sahi rahega, kaise figure out karu?","General","Hinglish"
"My manager scheduled an impromptu sync for this afternoon.","Work/Office","English"
"Sahi department se contact kaise karu?","General","Hinglish"
"Shaam ki walk mein aajkal saans phool jaati hai.","Health","Hinglish"
"Payment karte waqt website hi hang ho gayi achanak.","Complaint","Hinglish"
"I've had bouts of vertigo when I turn my head fast.","Health","English"
"Valley wali train journey bilkul lajawaab thi.","Travel","Hinglish"
"Express delivery ka paisa diya phir bhi das din lag gaye.","Complaint","Hinglish"
"I'm packing my bags for the road trip tomorrow.","Travel","English"
"Platform pe apni preferred language kaise switch karu?","General","Hinglish"
"Jaise hi mausam badla, joint pain shuru ho gaya.","Health","Hinglish"
"Team abhi naye project ke roadmap pe discuss kar rahi hai.","Work/Office","Hinglish"
"There's a spark of joy I haven't felt in a long time.","Mood","English"
"My appetite has completely disappeared this week.","Health","English"
"I've got a bruise on my shin that's still tender.","Health","English"
"Isko modify karna ho toh mere paas kya options hain?","General","Hinglish"
"Yeh alag alag tiers ka kya matlab hai, bata sakte ho?","General","Hinglish"
"Khaansi khaansi ke aawaaz baith gayi hai.","Health","Hinglish"
"Honestly I just want to be left alone for a while.","Mood","English"
"What steps should I follow to complete the setup?","General","English"
"Delivery boy bahut unprofessional aur rude tarike se pesh aaya.","Complaint","Hinglish"
"What's the process for requesting a callback?","General","English"
"We got stuck at immigration for almost an hour.","Travel","English"
"Expense claims ke liye ab ek naya approval workflow hai.","Work/Office","Hinglish"
"Yeh purane version se kaise compare hota hai?","General","Hinglish"
"The client asked for a call to clarify the requirements.","Work/Office","English"
"There's a system outage affecting the whole team's workflow.","Work/Office","English"
"They charged me twice for the same order.","Complaint","English"
"My mind keeps racing and I can't calm down.","Mood","English"
"I have to prepare handover notes before my leave starts.","Work/Office","English"
"Agle mahine coast ke saath road trip plan kar rahe hain.","Travel","Hinglish"
"The client pushed the go-live date by two weeks.","Work/Office","English"
"Our sprint planning session is happening right after lunch.","Work/Office","English"
"Packaging itni kharab thi ki aadha saman gir gaya bahar.","Complaint","Hinglish"
"Apni request ka status kaise check karu?","General","Hinglish"
"Halka bukhar bana hua hai poore hafte se.","Health","Hinglish"
"Woh khabar sunte hi dil mein ek aaramdayak garmi feel hui.","Mood","Hinglish"
"Jo kar paaya usse aaj bahut proud feel ho raha hai.","Mood","Hinglish"
"We're rolling out the new system next quarter.","Work/Office","English"
"Iske baare mein latest updates kahan check kar sakta hoon?","General","Hinglish"
"Aaj subah uthte hi ajeeb si ummeed feel hui.","Mood","Hinglish"
"Is setup ke instructions kahan mil sakti hain?","General","Hinglish"
"My luggage didn't show up on the carousel at all.","Travel","English"
"Naye project ke liye ek naya vendor onboard kar rahe hain.","Work/Office","Hinglish"
"What time does the store open on weekdays?","General","English"
"Technician bina issue fix kiye hi chala gaya.","Complaint","Hinglish"
"Delivery wala box gira kar bahar hi chhod gaya.","Complaint","Hinglish"
"Naya employee kal HR ke saath orientation start karega.","Work/Office","Hinglish"
"I've been assigned to lead the client onboarding process.","Work/Office","English"
"My laptop crashed right before the big presentation.","Work/Office","English"
"My wrist swelled up after typing too much yesterday.","Health","English"
"The train journey through the valley was breathtaking.","Travel","English"
"Kal raat late tak ruk kar client deliverable finish kiya.","Work/Office","Hinglish"
"Immigration mein lagbhag ek ghanta phase rahe.","Travel","Hinglish"
"Ghutno mein bahut dard hai, seedhi chadhna mushkil ho gaya.","Health","Hinglish"
"There's a bounce in my step I can't quite explain today.","Mood","English"
"How do I get clarification on the terms mentioned here?","General","English"
"Is baar regular hotel ke bajaye homestay book kiya.","Travel","Hinglish"
"Subah se kuch bhi khaya nahi tik raha hai.","Health","Hinglish"
"Subah se office ka internet band pada hua hai.","Work/Office","Hinglish"
"Bina meri permission ke subscription upgrade ho gaya, zyada paisa kaata.","Complaint","Hinglish"
"Is sprint mein team ek developer se kam hai.","Work/Office","Hinglish"
"Aaj subah bilkul fresh aur khush uthaa hoon.","Mood","Hinglish"
"Leave shuru hone se pehle handover notes taiyar karni hain.","Work/Office","Hinglish"
"Inn charges ka breakdown kahan mil sakta hai?","General","Hinglish"
"Yahan baith kar bilkul shanti feel ho rahi hai abhi.","Mood","Hinglish"
"There's a pulsing pain right behind my temple.","Health","English"
"Kal zyada type karne se kalai suj gayi hai.","Health","Hinglish"
"Beach town ya pahad, abhi tak decide nahi kar paaya.","Travel","Hinglish"
"What's the general guideline for something like this?","General","English"
"Dost ke message ke baad bahut appreciated feel hua.","Mood","Hinglish"
"Kanpati ke peeche ek dhadakti dard ban gayi hai.","Health","Hinglish"
"Is step ke liye kya required hai, kahan check karu?","General","Hinglish"
"Agle mahine ki trip ki dates abhi bhi finalize kar raha hoon.","Travel","Hinglish"
"Subah se aankhein suji hui aur bhaari lag rahi hain.","Health","Hinglish"
"Resourcing issue ki wajah se project delay ho gaya.","Work/Office","Hinglish"
"The hotel room wasn't ready even though we arrived on time.","Travel","English"
"The hotel upgraded our room without any extra charge.","Travel","English"
"Presentation ke baad confidence ka ek josh feel ho raha hai.","Mood","Hinglish"
"I've been getting migraines almost every other day now.","Health","English"
"They charged an extra convenience fee that wasn't shown earlier.","Complaint","English"
"I have to prepare the monthly report before the weekend.","Work/Office","English"
"I need to finalize the vendor contract by Friday.","Work/Office","English"
"What steps come after the initial application stage?","General","English"
"Agla stop jaane se pehle purana kila explore kiya.","Travel","Hinglish"
"They billed my card for a service I cancelled months ago.","Complaint","English"
"Naak poori tarah band hai, saans lena mushkil hai.","Health","Hinglish"
"Can you explain the criteria used for this ranking?","General","English"
"I snapped at my friend for no real reason today.","Mood","English"
"Jhukte hi peeth pakad jaati hai aajkal.","Health","Hinglish"
"The app keeps crashing every time I try to open it.","Complaint","English"
"There's a new approval workflow for expense claims now.","Work/Office","English"
"Mentally bilkul burn out feel ho raha hoon abhi.","Mood","Hinglish"
"Baar baar jee michla raha hai bina wajah ke.","Health","Hinglish"
"Us baat ke baad emotionally bilkul khali sa feel ho raha hai.","Mood","Hinglish"
"What's the general timeline for something like this?","General","English"
"Overcharge kiya gaya hai aur store correction dene se mana kar raha hai.","Complaint","Hinglish"
"I feel disconnected from everyone around me.","Mood","English"
"Aajkal sabke saamne dabe dabe se rehna padta hai.","Mood","Hinglish"
"The service was extremely slow despite the restaurant being half empty.","Complaint","English"
"Yahan aate hi ek aaramdayak shanti feel hoti hai hamesha.","Mood","Hinglish"
"Mujhe subah se sar mein dard ho raha hai.","Health","Hinglish"
"Din bhar thand lagti rahi bina wajah ke.","Health","Hinglish"
"I've been stuck in meetings since nine this morning.","Work/Office","English"
"My tongue feels swollen after trying that new spice.","Health","English"
"I've had a stubborn earache since swimming yesterday.","Health","English"
"My manager wants me to present the findings at the town hall.","Work/Office","English"
"Billing address mix up ho gaya aur order kahin aur chala gaya.","Complaint","Hinglish"
"My eyes are watery and itchy, must be pollen.","Health","English"
"I feel a quiet sense of accomplishment tonight.","Mood","English"
"We took the scenic route instead of the highway.","Travel","English"
"Isko shuru mein set up karne ka recommended tareeka kya hai?","General","Hinglish"
"Referral program actually kaise function karta hai?","General","Hinglish"
"I need to figure out visa-on-arrival details for this country.","Travel","English"
"How do I reset my password on this website?","General","English"
"Badge kaam nahi kiya toh manually sign in karna pada.","Work/Office","Hinglish"
"Highway ke bajaye humne scenic route liya.","Travel","Hinglish"
"Back to back meetings ki wajah se tasks peeche chal rahe hain.","Work/Office","Hinglish"
"Meeting se pehle budget numbers finalize karne hain.","Work/Office","Hinglish"
"I feel bloated no matter what I eat lately.","Health","English"
"Aaj muskurahat ruk hi nahi rahi hai, sab kuch sahi lag raha hai.","Mood","Hinglish"
"There's a client escalation that needs immediate attention.","Work/Office","English"
"My refund got processed to the wrong account entirely.","Complaint","English"
"Is hafte ek senior colleague ke saath shadow karne ko bola gaya hai.","Work/Office","Hinglish"
"Basic aur premium package mein kya kya include hai?","General","Hinglish"
"The service technician made the problem worse than before.","Complaint","English"
"Sightseeing wale din ke liye local transport arrange karna hai.","Travel","Hinglish"
"What's included in the basic package versus the premium one?","General","English"
"We reached the station just as the train was pulling out.","Travel","English"
"Manager ne aaj end of day tak status update maanga hai.","Work/Office","Hinglish"
"Verification wali cheez usually kaise kaam karti hai?","General","Hinglish"
"Kya do modes ke beech switch karne ka koi tareeka hai?","General","Hinglish"
"Where do I submit the application form once it's filled?","General","English"
"My manager wants weekly status updates going forward.","Work/Office","English"
"Yeh process kaise kaam karta hai, iske baare mein aur kahan padh sakta hoon?","General","Hinglish"
"We changed our travel plans because of the storm warning.","Travel","English"
"Woh problem finally solve karke bahut vijayi feel ho raha hai.","Mood","Hinglish"
"Is baar hamara train compartment kaafi khaali tha.","Travel","Hinglish"
"The flight attendant announced a delay due to weather.","Travel","English"
"I feel unstoppable after finishing that project.","Mood","English"
"The product broke the very first time I used it.","Complaint","English"
"Customer support kept transferring my call without solving anything.","Complaint","English"
"Pichle do din ka hours log karna bhool gaya.","Work/Office","Hinglish"
"The flight got delayed again, this time by two more hours.","Travel","English"
"Sore muscles from the gym are making it hard to walk.","Health","English"
"My complaint has been reassigned four times without progress.","Complaint","English"
"Lag raha hai kuch ho raha hai, poore badan mein dard hai.","Health","Hinglish"
"Mujhe pata kaise chalega ki main is option ke liye qualify karta hoon?","General","Hinglish"
"The train was so crowded we had to stand the whole way.","Travel","English"
"Is it possible to change the delivery address after ordering?","General","English"
"Excitement ke maare divaron se takra jaunga jaise lag raha hai.","Mood","Hinglish"
"Driver resort dhundhte dhundhte raasta bhatak gaya.","Travel","Hinglish"
"App ke rate se taxi fare kaafi zyada nikla.","Travel","Hinglish"
"Hotel ne bina extra charge ke room upgrade kar diya.","Travel","Hinglish"
"Product bilkul ek cheap nakli copy jaisa lag raha hai.","Complaint","Hinglish"
"Kaan mein ajeeb si awaaz aa rahi hai, thoda tension ho gaya.","Health","Hinglish"
"Cutoff se pehle apni leave application submit karni hai.","Work/Office","Hinglish"
"Abhi kuch bhi sungh ya taste nahi kar pa raha hoon.","Health","Hinglish"
"Sach mein aaj kisi se baat nahi karni, akela rehna hai.","Mood","Hinglish"
"Is there a guide available for first-time users?","General","English"
"I'm still waiting on approval from the finance team.","Work/Office","English"
"Jo delivery time promise kiya gaya tha usse double time laga.","Complaint","Hinglish"
"Mall ke paas hamari cab bahut bade traffic jam mein phas gayi.","Travel","Hinglish"
"There's a rash spreading on my arm and it itches badly.","Health","English"
"Lagta hai poori duniya ka bojh utha rakha hai maine.","Mood","Hinglish"
"How do I know what happens at each stage?","General","English"
"A strange sense of relief washed over me just now.","Mood","English"
"The delivery took twice as long as what was promised.","Complaint","English"
"My complaint has gone completely unanswered for over a month.","Complaint","English"
"How do I understand which tier applies to me?","General","English"
"The new hire starts orientation with HR tomorrow.","Work/Office","English"
"I feel undervalued no matter how hard I try.","Mood","English"
"The client wants changes to the proposal before Thursday.","Work/Office","English"
"How long does the verification process usually take?","General","English"
"The rental car had a flat tire just outside the city.","Travel","English"
"Deadline aage badha di gayi hai, ab jaldi karni padegi.","Work/Office","Hinglish"
"Ek ajeeb sa bojh mehsoos ho raha hai bina wajah ke.","Mood","Hinglish"
"I'm double-checking the visa requirements before we leave.","Travel","English"
"I need to escalate this to my team lead.","Work/Office","English"
"Aage badhne se pehle manager ne risk assessment maanga hai.","Work/Office","Hinglish"
"My patience is running thinner than usual today.","Mood","English"
"Package bilkul damaged aur bekaar condition mein aaya.","Complaint","Hinglish"
"My energy levels have been rock bottom lately.","Health","English"
"I have to prep for the annual audit starting next week.","Work/Office","English"
"Yeh feature actually kaise kaam karta hai, bata sakte hain?","General","Hinglish"
"Sab kuch jis tarah hua uske liye sach mein shukar guzaar hoon.","Mood","Hinglish"
"I feel truly at ease for the first time in weeks.","Mood","English"
"Unki taraf se order cancel kar diya bina kisi communication ke.","Complaint","Hinglish"
"We explored the old fort before heading to the next stop.","Travel","English"
"Poora process usually kaise unfold hota hai?","General","Hinglish"
"I'm behind on my tasks because of back-to-back meetings.","Work/Office","English"
"Friday tak vendor contract finalize karna hai.","Work/Office","Hinglish"
"App ke naye update mein aadhe features hi kaam nahi kar rahe.","Complaint","Hinglish"
"The staff seemed completely uninterested in helping me at all.","Complaint","English"
"Chhoti chhoti baat par bhi chid ja raha hoon jo pehle nahi hota tha.","Mood","Hinglish"
"Gala itna kharab hai ki bolna bhi mushkil ho raha hai.","Health","Hinglish"
"Is Friday office mein team-building activity hai.","Work/Office","Hinglish"
"My throat closes up a bit whenever I eat nuts.","Health","English"
"I feel weak in the knees after standing too long.","Health","English"
"How do these two features differ from one another?","General","English"
"We took a scenic train ride through the countryside.","Travel","English"
"Raat ko khaansi rukti hi nahi, neend kharab ho rahi hai.","Health","Hinglish"
"There's a quiet contentment I've been carrying all day.","Mood","English"
"Cab driver airport ka bilkul galat route le gaya.","Travel","Hinglish"
"Baar baar dhyan bhatak raha hai, vichar bikhre hue hain.","Mood","Hinglish"
"My warranty claim keeps getting rejected for no clear reason.","Complaint","English"
"Something about today just put a spring in my step.","Mood","English"
"Aajkal khud ko bahut chhota aur unimportant feel karta hoon.","Mood","Hinglish"
"Lunch ke baad hi sprint planning session hone wala hai.","Work/Office","Hinglish"
"They quoted one price and billed me a completely different amount.","Complaint","English"
"My stomach has been growling and cramping oddly.","Health","English"
"In fields ka har ek ka kya matlab hai, bata sakte ho?","General","Hinglish"
"Is field ko sahi tarike se fill karne ka tareeka kya hai?","General","Hinglish"
"I need to close out the sprint board before Friday.","Work/Office","English"
"I feel oddly emotional watching that video just now.","Mood","English"
"In dono plans mein kya farak hai?","General","Hinglish"
"There's a comforting warmth I felt hearing that news.","Mood","English"
"The hotel charged extra fees they never mentioned upfront.","Complaint","English"
"Airport shuttle time pe kabhi nahi aayi.","Travel","Hinglish"
"How do I figure out which option suits me best?","General","English"
"I feel triumphant after finally cracking that problem.","Mood","English"
"There's a town hall meeting scheduled for all employees.","Work/Office","English"
"There's a comforting calm I feel whenever I'm here.","Mood","English"
"Fly karne ke bajaye weekend ke liye drive kar rahe hain.","Travel","Hinglish"
"I feel like I'm drowning in my own thoughts.","Mood","English"
"Is option ke baare mein aur information kaise le sakta hoon?","General","Hinglish"
"My manager wants the report on his desk by noon.","Work/Office","English"
"I feel oddly numb to everything happening around me.","Mood","English"
"Pichle mahine report kiya bug abhi tak fix nahi hua.","Complaint","Hinglish"
"I sprained my ankle jogging this morning.","Health","English"
"I feel like my patience is stretched paper thin right now.","Mood","English"
"My internet connection has been unstable for the third day straight.","Complaint","English"
"The customer service line disconnects automatically after ten minutes.","Complaint","English"
"Can you break down how this whole thing works?","General","English"
"I keep getting these sudden bouts of nausea.","Health","English"
"My subscription got upgraded without my consent, and I was charged more.","Complaint","English"
"I'm checking baggage allowance before packing everything.","Travel","English"
"Pait mein ghabrahat ke titliyan udd rahi hain abhi.","Mood","Hinglish"
"We're taking the night bus to save on a hotel stay.","Travel","English"
"Skin pe rashes ho gaye hain aur bahut khujli ho rahi hai.","Health","Hinglish"
"Unsubscribe karne ke baad bhi promotional emails aa rahe hain.","Complaint","Hinglish"
"Where can I find the nearest branch office?","General","English"
"Kya isko karne ki koi limit hai?","General","Hinglish"
"Khana thanda aur menu ki photo se bilkul alag aaya.","Complaint","Hinglish"
"Return karte waqt store ki apni hi return policy follow nahi hui.","Complaint","Hinglish"
"App har baar kholte hi crash ho jaata hai.","Complaint","Hinglish"
"Mood swings bahut ajeeb chal rahe hain aajkal.","Mood","Hinglish"
"Exam sochte hi seene mein jakadan si ho jaati hai.","Mood","Hinglish"
"Yeh kaam kaise karta hai, iske peeche ka logic bata sakte ho?","General","Hinglish"
"The cab app showed a much longer wait than usual.","Travel","English"
"We arrived at the airport way too early for the flight.","Travel","English"
"Collarbone ke paas ek gaanth si mehsoos ho rahi hai.","Health","Hinglish"
"The quarterly review meeting got moved to Friday.","Work/Office","English"
"Subah gardan mein akadan ke saath uthi.","Health","Hinglish"
"The app deducted money without completing the transaction.","Complaint","English"
"I'm finalizing the org chart for the new department structure.","Work/Office","English"
"Traffic made me late to the office again this morning.","Work/Office","English"
"Pait ke niche waala hissa chhune par dard karta hai.","Health","Hinglish"
"I can't smell or taste anything properly right now.","Health","English"
"I can't shake this restless, anxious feeling.","Mood","English"
"Every time I bend over my head starts pounding.","Health","English"
"Ek hi complaint teen baar submit ki, resolution kuch nahi mila.","Complaint","Hinglish"
"Kal shaam se bukhar aur badan dard shuru hua hai.","Health","Hinglish"
"The delivery guy dropped the box and just left it outside.","Complaint","English"
"The office relocated to a new floor last week.","Work/Office","English"
"There's tightness in my jaw, might be from clenching it.","Health","English"
"I've been double billed for two consecutive months now.","Complaint","English"
"Kal launch se pehle code freeze shuru ho raha hai.","Work/Office","Hinglish"
"Destination pe kharab mausam ki wajah se flight divert ho gayi.","Travel","Hinglish"
"What are the steps to complete this registration?","General","English"
"Aane wale changes ke baare mein aur kaise pata karu?","General","Hinglish"
"Our stand-up meeting ran way longer than usual today.","Work/Office","English"
"Main abhi kaunsa version use kar raha hoon, kaise check karu?","General","Hinglish"
"I've called five times and still no one has resolved my issue.","Complaint","English"
"I feel shaky and cold despite the warm room.","Health","English"
"Item ka description jo bataya gaya tha uske bilkul alag nikla.","Complaint","Hinglish"
"Aankh ke around laalpan aur jalan ho rahi hai.","Health","Hinglish"
"Purane archived records tak kaise access karu?","General","Hinglish"
"What's the usual next step after this is done?","General","English"
"Ferry crossing ke liye sabse jaldi wala slot book kiya.","Travel","Hinglish"
"Jhukte hi sar mein dhak dhak dard shuru ho jaata hai.","Health","Hinglish"
"Jo tracking number diya woh kaam hi nahi kar raha.","Complaint","Hinglish"
"Yeh information kaise update karu?","General","Hinglish"
"Office pichle hafte ek naye floor pe shift ho gaya.","Work/Office","Hinglish"
"Zindagi jaise chal rahi hai usse bahut santusht hoon aajkal.","Mood","Hinglish"
"Connecting flight mein airline ne humara baggage kho diya.","Travel","Hinglish"
"Overnight bus ride surprisingly kaafi comfortable thi.","Travel","Hinglish"
"Aaj kuch aisa hai ki chaal mein bhi ek spring aa gaya.","Mood","Hinglish"
"We hit terrible traffic on the highway heading out of town.","Travel","English"
"Friday se pehle sprint board close karna hai.","Work/Office","Hinglish"
"I feel invincible after that workout today.","Mood","English"
"What's the usual turnaround time for this kind of request?","General","English"
"Is ticket ko close karne se pehle approval chahiye.","Work/Office","Hinglish"
"Isko approve karwane mein kya steps involve hain?","General","Hinglish"
"Kal hi is quarter ke performance goals revise huye hain.","Work/Office","Hinglish"
"Peeth mein achanak se tez dard uth raha hai.","Health","Hinglish"
"Nuts khane par gala thoda band sa lagta hai.","Health","Hinglish"
"Hotel stay bachane ke liye hum night bus le rahe hain.","Travel","Hinglish"
"The website froze right as I was about to complete the payment.","Complaint","English"
"There's a security audit happening across all departments this week.","Work/Office","English"
"The resort offered a free airport pickup this time.","Travel","English"
"There's a warmth in my heart I haven't felt in ages.","Mood","English"
"My knees pop loudly whenever I climb stairs now.","Health","English"
"Subah se aansu rok ke rakhe hain kisi tarah.","Mood","Hinglish"
"Everything is irritating me more than it should today.","Mood","English"
"The scenic drive through the mountains took longer than expected.","Travel","English"
"I want to explore the hill station before the season ends.","Travel","English"
"Haath uthate waqt kandhe se click ki awaaz aati hai.","Health","Hinglish"
"Aaj raat ek shant si achievement ka ehsaas ho raha hai.","Mood","Hinglish"
"Das minute tak counter pe staff ne dhyan hi nahi diya.","Complaint","Hinglish"
"Where can I get a clearer explanation of this process?","General","English"
"My team is discussing the new project roadmap right now.","Work/Office","English"
"Is topic pe aur details ke liye kahan jau?","General","Hinglish"
"Office jaate waqt gaadi mein jee michalta hai aajkal.","Health","Hinglish"
"I spent the whole day in back-to-back review meetings.","Work/Office","English"
"Form bharne ke baad kahan submit karna hai?","General","Hinglish"
"Aaj workout ke baad lag raha hai kuch bhi ruk nahi sakta mujhe.","Mood","Hinglish"
"Verification process mein aam taur pe kitna time lagta hai?","General","Hinglish"
"Initial application ke baad kaunse steps aate hain?","General","Hinglish"
"Is weekend ek extra shift mein pull ho gaya hoon.","Work/Office","Hinglish"
"Andar hi andar ek tanaav badhta ja raha hai aajkal.","Mood","Hinglish"
"Mera pura badan tut raha hai aaj.","Health","Hinglish"
"I booked a homestay instead of a regular hotel this time.","Travel","English"
"Team sprint goal se kuch tasks peeche reh gayi.","Work/Office","Hinglish"
"Manager ne bola report dopahar tak table pe chahiye.","Work/Office","Hinglish"
"How do I go about updating this information?","General","English"
"Kharab mausam ki wajah se ferry late ho gayi.","Travel","Hinglish"
"I ordered a blue jacket and received a red one instead.","Complaint","English"
"Jo cheezein pehle pasand thi unse ab dur sa feel ho raha hai.","Mood","Hinglish"
"Bheed mein bhi bahut akela feel ho raha hai aajkal.","Mood","Hinglish"
"Aisi cheez ka general timeline kya hota hai?","General","Hinglish"
"My eyelids feel heavy and tired, haven't slept well.","Health","English"
"Meri request gayi hai ya nahi, kaise confirm karu?","General","Hinglish"
"Naak bahar rahi hai aur chheenkein ruk hi nahi rahi.","Health","Hinglish"
"Aaj raat ek ajeeb sa sukoon chha gaya hai.","Mood","Hinglish"
"Is quarter do departments mein reorganization ho rahi hai.","Work/Office","Hinglish"
"The product stopped working within two days of purchase.","Complaint","English"
"There's a heaviness in my chest I can't explain.","Mood","English"
"Delivery window ek hi din mein teen baar badal diya gaya.","Complaint","Hinglish"
"Sab kuch bekaar sa lag raha hai, wajah samajh nahi aa rahi.","Mood","Hinglish"
"Leave pe jaane se pehle apne tasks handover karne hain.","Work/Office","Hinglish"
"Performance review cycle agle Monday se shuru ho raha hai.","Work/Office","Hinglish"
"How does the referral program actually function?","General","English"
"Din khatam hone tak timesheet submit karni hai.","Work/Office","Hinglish"
"Airport jaane se pehle online check-in karna hai.","Travel","Hinglish"
"There's a tingling sensation running down my arm.","Health","English"
"Finalize karne se pehle isko preview karne ka koi tareeka hai kya?","General","Hinglish"
"Quarterly review meeting Friday tak shift ho gayi hai.","Work/Office","Hinglish"
"The train ticket got cancelled automatically due to waitlist.","Travel","English"
"Kal manager ke saath one-on-one schedule hai.","Work/Office","Hinglish"
"I've been assigned three new tasks before the sprint ends.","Work/Office","English"
"I booked a window seat for the long flight ahead.","Travel","English"
"We're planning a road trip along the coast next month.","Travel","English"
"Bus raste mein hi kharab ho gayi.","Travel","Hinglish"
"Itni subah airport asamanya roop se shant tha.","Travel","Hinglish"
"How do I navigate to the settings section?","General","English"
"I feel so proud of what I managed to pull off.","Mood","English"
"Yeh dono features ek doosre se kaise alag hain?","General","Hinglish"
"Kalai mud gayi thi, pen pakadne mein bhi dard ho raha hai.","Health","Hinglish"
"Cab app pe normal se bahut zyada wait time dikha.","Travel","Hinglish"
"We reached the hotel way past midnight after the delay.","Travel","English"
"Airport se hotel tak transport arrange karna hai.","Travel","Hinglish"
"Customer support baar baar call transfer kar raha hai, solve kuch nahi kar raha.","Complaint","Hinglish"
"Mujhe kisi aur ka order bhej diya gaya mere order ki jagah.","Complaint","Hinglish"
"Woh purana gaana sunkar ajeeb si yaadein taaza ho gayi.","Mood","Hinglish"
"Lagta hai koi bhi meri baat samajhta hi nahi hai.","Mood","Hinglish"
"Aaj chhoti chhoti baatein bhi zyada irritate kar rahi hain.","Mood","Hinglish"
"Hotel ne extra fees liye jo pehle bataye hi nahi gaye the.","Complaint","Hinglish"
"There's a code freeze starting tomorrow before the launch.","Work/Office","English"
"The project got delayed because of a resourcing issue.","Work/Office","English"
"I've lost my sense of smell since yesterday.","Health","English"
"I've had cold sweats waking me up at odd hours.","Health","English"
"I woke up with my eye completely swollen shut.","Health","English"
"Manager ne Friday ko remote work karne ki approval de di.","Work/Office","Hinglish"
"Yeh bechaini rukne ka naam hi nahi le rahi.","Mood","Hinglish"
"The manager refused to even hear out my complaint.","Complaint","English"
"Teen hafte ho gaye, refund abhi tak nahi aaya hai.","Complaint","Hinglish"
"Galat invoice bheja hai unhone, ab overcharge ho raha hai mujhse.","Complaint","Hinglish"
"What's the recommended approach for a first-timer?","General","English"
"Aankhon ke peeche halka sa dard bana hua hai.","Health","Hinglish"
"Change request karne mein kya process involve hota hai?","General","Hinglish"
"We're catching an overnight train to save on a day.","Travel","English"
"I've been feeling low-energy and emotionally flat all day.","Mood","English"
"How do I know which category best fits my situation?","General","English"
"I need to finalize the budget numbers before the meeting.","Work/Office","English"
"Extra information request karne ka process kya hai?","General","Hinglish"
"Abhi aisa lag raha hai jaise duniya jeet li ho.","Mood","Hinglish"
"I feel like I'm coming down with something, body aches everywhere.","Health","English"
"Support agent bilkul helpful nahi tha, kaafi dismissive tha.","Complaint","Hinglish"
"Delay ki wajah se hum aadhi raat ke baad hotel pahuche.","Travel","Hinglish"
"Lambi drive mein ek roadside dhaba pe ruke.","Travel","Hinglish"
"My badge stopped working so I had to sign in manually.","Work/Office","English"
"Stomach bug ke baad se bhookh bilkul kam ho gayi hai.","Health","Hinglish"
"I need to check in online before we leave for the airport.","Travel","English"
"Lambe delay ke baad airline ne voucher diya.","Travel","Hinglish"
"Is purpose ke liye sahi form kahan milega?","General","Hinglish"
"Our train got rescheduled to a different platform suddenly.","Travel","English"
"I feel like celebrating, everything just clicked today.","Mood","English"
"I feel genuinely grateful for how things turned out.","Mood","English"
"Naya account link karne ke steps bata sakte ho?","General","Hinglish"
"Last update ke baad se service quality bahut gir gayi hai.","Complaint","Hinglish"
"Agle quarter mein naya system roll out karenge.","Work/Office","Hinglish"
"The food arrived cold and completely different from the menu photo.","Complaint","English"
"I've had a persistent tickle in my throat all day.","Health","English"
"Where can I check what's required for this step?","General","English"
"What's the typical process for getting this activated?","General","English"
"The chat support just keeps sending automated, unhelpful replies.","Complaint","English"
"There's a training session scheduled for the whole department.","Work/Office","English"
"Feeling nauseous on the drive to work today.","Health","English"
"I've been asked to mentor the new intern this week.","Work/Office","English"
"I'm preparing talking points for the client presentation tomorrow.","Work/Office","English"
"Toll bachane ka sabse acha route dhundh raha hoon.","Travel","Hinglish"
"I keep feeling this dull ache of loneliness in the evenings.","Mood","English"
"Zyada der khade rehne se ghutno mein kamzori aa jaati hai.","Health","Hinglish"
"I got roped into an extra shift this weekend.","Work/Office","English"
"Team ke saath share karne ke liye meeting notes compile kar raha hoon.","Work/Office","Hinglish"
"There's a review of last quarter's numbers happening today.","Work/Office","English"
"Drive ka scenic overlook detour lene laayak tha.","Travel","Hinglish"
"We stopped at a roadside dhaba during the long drive.","Travel","English"
"Payment ho jaane ke baad bhi order confirmation aaya hi nahi.","Complaint","Hinglish"
"Customer care executive ne beech baat mein hi call kaat di.","Complaint","Hinglish"
"There's a reorganization happening across two departments this quarter.","Work/Office","English"
"Pichle hafte wali sardi puri tarah theek hi nahi ho rahi.","Health","Hinglish"
"Setup complete karne ke liye kaunse steps follow karne hain?","General","Hinglish"
"We spent the whole afternoon sightseeing around the old town.","Travel","English"
"I've been feeling really down without any clear reason.","Mood","English"
"My manager asked for a risk assessment before we proceed.","Work/Office","English"
"I'm juggling two projects with overlapping deadlines this week.","Work/Office","English"
"My hands were shaking before the interview started.","Mood","English"
"My shoulder clicks painfully every time I raise my arm.","Health","English"
"I need to loop in the design team before finalizing this.","Work/Office","English"
"I forgot to print my boarding pass before leaving home.","Travel","English"
"How do I update my contact details on the account?","General","English"
"Mujhse ek hi order ka do baar paisa kaat liya gaya.","Complaint","Hinglish"
"I need to book a cab in advance for the airport drop.","Travel","English"
"Transaction ke beech website baar baar logout kar deti hai.","Complaint","Hinglish"
"Is hafte sabhi departments mein security audit ho raha hai.","Work/Office","Hinglish"
"Something lifted off my shoulders today, I feel lighter.","Mood","English"
"Bina koi warning diye subscription automatically renew ho gaya.","Complaint","Hinglish"
"The IT team is rolling out a system update tonight.","Work/Office","English"
"The customer care executive hung up on me mid-conversation.","Complaint","English"
"Our train compartment was surprisingly empty this time.","Travel","English"
"My manager gave feedback on the draft I sent yesterday.","Work/Office","English"
"Aaj dost pe bina wajah chilla diya, bura lag raha hai.","Mood","Hinglish"
"Ghar se nikalte waqt boarding pass print karna bhool gaya.","Travel","Hinglish"
"I've been holding back tears all morning.","Mood","English"
"Connecting flights ke bajaye direct flight dhundh raha hoon.","Travel","Hinglish"
"How do I check which version I'm currently using?","General","English"
"Naye department structure ke liye org chart finalize kar raha hoon.","Work/Office","Hinglish"
"I feel like crying but I don't even know why.","Mood","English"
"I need to submit a leave request for next week.","Work/Office","English"
"Aaj chaal mein ek ajeeb si bounce hai, samajh nahi aa raha kyun.","Mood","Hinglish"
"Aaj subah ajeeb tarah se sabse shanti mehsoos hui.","Mood","Hinglish"
"Chakkar aa raha hai jab bhi khada hota hoon.","Health","Hinglish"
"Ek hi position mein sone se gardan akad gayi hai.","Health","Hinglish"
"The company keeps blaming the courier instead of resolving the issue.","Complaint","English"
"I've been unusually short-tempered the past few days.","Mood","English"
"Our cab got stuck behind a huge traffic jam near the mall.","Travel","English"
"How does the whole verification thing usually work?","General","English"
"Gym ke baad muscles itne sore hain ki chalna mushkil hai.","Health","Hinglish"
"I feel a quiet joy just sitting here doing nothing.","Mood","English"
"Bukhar sa lag raha hai, thand lag rahi hai.","Health","Hinglish"
"What's the standard procedure for this kind of situation?","General","English"
"The support agent was unhelpful and honestly quite dismissive.","Complaint","English"
"Khana skip karne par sar ghumne lagta hai.","Health","Hinglish"
"We booked an early morning flight to avoid the crowds.","Travel","English"
"Yeh ho jaane ke baad usually agla step kya hota hai?","General","Hinglish"
"The ferry got delayed because of rough weather conditions.","Travel","English"
"Nothing seems to bring me joy lately.","Mood","English"
"Do mahino se lagatar double billing ho rahi hai mujhse.","Complaint","Hinglish"
"Ek hafte se lagatar thakan bani hui hai.","Health","Hinglish"
"Item 'in stock' dikhaya gaya tha par ship kabhi hua hi nahi.","Complaint","Hinglish"
"I feel oddly nostalgic listening to that old song.","Mood","English"
"What's the process to get this reviewed further?","General","English"
"My account statement shows charges I never authorized.","Complaint","English"
"How does the whole process typically unfold?","General","English"
"I have to submit expense reports before the month closes.","Work/Office","English"
"Sabse disconnect sa feel ho raha hai aajkal.","Mood","Hinglish"
"Isko sahi tarike se set up karne mein kya involve hota hai?","General","Hinglish"
"I've been irritable with everyone around me this week.","Mood","English"
"How can I confirm whether my request went through?","General","English"
"How does this compare to the older version?","General","English"
"The office internet has been down since this morning.","Work/Office","English"
"The release got postponed due to failed test cases.","Work/Office","English"
"My complaint ticket has been open for weeks with no update.","Complaint","English"
"Is website pe password reset kaise karte hain?","General","Hinglish"
"Where can I check the latest updates about this?","General","English"
"Hold pe rakh kar aakhir mein call hi disconnect kar diya unhone.","Complaint","Hinglish"
"Account pe apne contact details kaise update karu?","General","Hinglish"
"Isse finalize karne se pehle design team ko loop mein lena hai.","Work/Office","Hinglish"
"Jo replacement bheja gaya usme bhi wahi purani defect hai.","Complaint","Hinglish"
"Subah se ek issue debug karne mein atka hua hoon.","Work/Office","Hinglish"
"The road trip got cut short because of heavy rainfall.","Travel","English"
"Yeh term ka exact matlab clarify kar sakte ho?","General","Hinglish"
"I'm packing light this time to avoid extra baggage fees.","Travel","English"
"My order has been stuck at 'processing' for over a week now.","Complaint","English"
"The item smelled strongly of chemicals straight out of the box.","Complaint","English"
"Mujhe kaunsa option sahi rahega, kaise pata karu?","General","Hinglish"
"My performance goals for this quarter got revised yesterday.","Work/Office","English"
"Sab pack karne se pehle baggage allowance check kar raha hoon.","Travel","Hinglish"
"Mera luggage carousel pe aaya hi nahi.","Travel","Hinglish"
"Aaj subah airport security mein bahut waqt lag gaya.","Travel","Hinglish"
"Client ne go-live date do hafte aage badha di hai.","Work/Office","Hinglish"
"Manager ne kal bheje draft pe feedback diya hai.","Work/Office","Hinglish"
"I have back-to-back client calls all afternoon today.","Work/Office","English"
"The delivery was left at the wrong address entirely.","Complaint","English"
"Interview se pehle haath kaanp rahe the mere.","Mood","Hinglish"
"I feel a fluttering nervousness thinking about the results.","Mood","English"
"Sabhi available features explain karta hua koi manual hai kya?","General","Hinglish"
"Can you guide me on filling out this section correctly?","General","English"
"I'm coordinating with three different teams for this release.","Work/Office","English"
"I threw up twice after lunch and still feel queasy.","Health","English"
"First-timer ke liye recommended approach kya hai?","General","Hinglish"
"Working from home has made my mornings a lot calmer.","Work/Office","English"
"Aakhri local train miss ho gayi, cab leni padi.","Travel","Hinglish"
"Bina kisi wajah ke bahut down feel ho raha hoon.","Mood","Hinglish"
"Nikalne se pehle visa requirements double check kar raha hoon.","Travel","Hinglish"
"Our trip to the lake district got postponed by a week.","Travel","English"
"They promised a callback within 24 hours and it never came.","Complaint","English"
"Ek conflict ki wajah se apna one-on-one reschedule karna pada.","Work/Office","Hinglish"
"Hotel ke paas waali jagah pe table reserve karni hai.","Travel","Hinglish"
"Premium features ka paisa liya jo kabhi kaam hi nahi kiya.","Complaint","Hinglish"
"Store manager ne issue uthaane par bhi dismissive rawaiya dikhaya.","Complaint","Hinglish"
"Kuch bhi khaao, pait fula fula sa lagta hai aajkal.","Health","Hinglish"
"The seller is completely unresponsive to my messages.","Complaint","English"
"Can you clarify what this term means exactly?","General","English"
"How do I check the status of my request?","General","English"
"What's the standard response time for such queries?","General","English"
"I feel jittery and can't sit still today.","Mood","English"
"Ek price quote kiya tha, bilkul alag amount bill kar diya.","Complaint","Hinglish"
"Time pe cancel karne ke baawajood cancellation fee le liya.","Complaint","Hinglish"
"I paid for express delivery and it still took ten days.","Complaint","English"
"Manager is hafte out hain isliye approvals late ho rahe hain.","Work/Office","Hinglish"
"I still haven't packed for tomorrow's early flight.","Travel","English"
"Our bus got stuck at a checkpoint for almost an hour.","Travel","English"
"Kal tak appraisal self-assessment pe feedback chahiye.","Work/Office","Hinglish"
"Sar ghumate hi chakkar sa aa jaata hai kabhi kabhi.","Health","Hinglish"
"Manager ne aaj dopahar ek achanak sync rakh diya hai.","Work/Office","Hinglish"
"I can't seem to shake this cough, it's been days.","Health","English"
"Aaj subah ek urgent bug fix mein pull ho gaya.","Work/Office","Hinglish"
"Abhi lag raha hai poori duniya ko sambhal sakta hoon.","Mood","Hinglish"
"I've had a scratchy voice since the weather changed.","Health","English"
"Order ek hafte se 'processing' pe hi atka hua hai.","Complaint","Hinglish"
"I keep feeling anxious about things that haven't even happened.","Mood","English"
"There's an unshakable tension building inside me lately.","Mood","English"
"Client ne proposal mein Thursday se pehle changes maange hain.","Work/Office","Hinglish"
"Box se nikalte hi item se tez chemical smell aa rahi thi.","Complaint","Hinglish"
"Meri complaint char baar reassign ho chuki hai bina kisi progress ke.","Complaint","Hinglish"
"Tonsils sujhe hue hain, nigalne mein dard hota hai.","Health","Hinglish"
"Guide ne humein purane shehar ke bazaar mein ghumaya.","Travel","Hinglish"
"Agle hafte se shuru ho rahe annual audit ki prep karni hai.","Work/Office","Hinglish"
"My throat is so sore I can barely talk.","Health","English"
"I feel so much lighter after talking it out with someone.","Mood","English"
"Aaj poore din client calls back to back lagi hain.","Work/Office","Hinglish"
"Aaj raat IT team system update roll out karegi.","Work/Office","Hinglish"
"What's involved in getting this properly set up?","General","English"
"Poori dopahar purane sheher mein ghumne mein nikal gayi.","Travel","Hinglish"
"Aaj kandho se jaise ek bojh utar gaya, halka lag raha hai.","Mood","Hinglish"
"Layover kaatne ke liye airport lounge kaafi acha tha.","Travel","Hinglish"
"Agle mahine se office hybrid schedule pe shift ho raha hai.","Work/Office","Hinglish"
"The item I received looks nothing like what was advertised.","Complaint","English"
"How do I locate the section related to this topic?","General","English"
"My manager wants a recap email after every client call now.","Work/Office","English"
"They never delivered the free gift that was promised with purchase.","Complaint","English"
"I booked a cab for five in the morning to catch the flight.","Travel","English"
"Pahadi raaste poori drive mein kohre se dhake rahe.","Travel","Hinglish"
"There's an all-hands meeting happening at the end of the week.","Work/Office","English"
"Kal ki review mein budget overrun justify karna hoga.","Work/Office","Hinglish"
"Aisi situation mein standard procedure kya hota hai?","General","Hinglish"
"First-time users ke liye koi guide available hai kya?","General","Hinglish"
"Rona aa raha hai par wajah bhi pata nahi hai.","Mood","Hinglish"
"The quality is nowhere near what was shown in the pictures.","Complaint","English"
"I feel so overwhelmed I don't know where to start.","Mood","English"
"I feel completely burnt out mentally right now.","Mood","English"
"Pait mein ek lagatar tension ka gola sa bana hua hai.","Mood","Hinglish"
"I've had a runny nose and sneezing fits all morning.","Health","English"
"The gadget stopped charging just a week after I bought it.","Complaint","English"
"I have to justify the budget overrun in tomorrow's review.","Work/Office","English"
"Kuch galat hone ka intezaar karte karte edge par hoon.","Mood","Hinglish"
"Woh project khatam karke lag raha hai kuch bhi kar sakta hoon.","Mood","Hinglish"
"Itna overwhelmed feel ho raha hai ki kahan se shuru karu samajh nahi.","Mood","Hinglish"
"Support team bina kuch pooche hi mera ticket close kar deti hai.","Complaint","Hinglish"
"They still haven't fixed the bug I reported last month.","Complaint","English"
"Aaj subah daudte waqt ankle mud gaya.","Health","Hinglish"
"Har checkout attempt pe 'invalid request' ka error aa raha hai.","Complaint","Hinglish"
"Dil dhak dhak kar raha hai bina kisi wajah ke.","Health","Hinglish"
"The office is running a team-building activity this Friday.","Work/Office","English"
"What's the difference between these two categories?","General","English"
"The airline offered a voucher after the long delay.","Travel","English"
"I'm looking for budget-friendly stays near the beach.","Travel","English"
"Mujh pe kaunsa tier apply hota hai, kaise samjhu?","General","Hinglish"
"Travel agent ne bilkul alag itinerary suggest ki.","Travel","Hinglish"
"There's a nagging soreness across my upper back.","Health","English"
"24 ghante mein callback ka promise kiya tha, aaya hi nahi.","Complaint","Hinglish"
"How do I get access to the archived section?","General","English"
"I feel like I'm carrying the weight of the world.","Mood","English"
"I woke up in an unusually good mood today.","Mood","English"
"Yeh calculation kaise kiya jaata hai, clarify kar sakte ho?","General","Hinglish"
"Kal ki subah wali flight ke liye abhi tak pack nahi kiya.","Travel","Hinglish"
"Poore hafte sabse thoda irritated hi raha hoon.","Mood","Hinglish"
"My complaint got automatically closed without any resolution.","Complaint","English"
"Agle saal ki trip se pehle passport renew karana hai.","Travel","Hinglish"
"The cab driver took a completely wrong route to the airport.","Travel","English"
"Purchase ke saath promise kiya free gift kabhi mila hi nahi.","Complaint","Hinglish"
"They sent the wrong invoice and now I'm being overcharged.","Complaint","English"
"Restaurant aadha khaali hone ke baawajood service bahut slow thi.","Complaint","Hinglish"
"Our hotel was right across from the beach, very convenient.","Travel","English"
"I feel light-headed if I skip a meal now.","Health","English"
"What's the process to request additional information?","General","English"
"My legs feel heavy and my knees keep aching.","Health","English"
"Trip achanak do din aur badh gayi.","Travel","Hinglish"
"My voice went hoarse from all the coughing.","Health","English"
"I'm comparing hotel prices across three different websites.","Travel","English"
"I was misled about the actual price during checkout.","Complaint","English"
"Train itni bheed thi ki poore raste khade rehna pada.","Travel","Hinglish"
"Garam kamre mein bhi kaanp raha hoon thoda.","Health","Hinglish"
"There's a lump near my collarbone I want checked.","Health","English"
"I've had recurring hiccups all afternoon, quite annoying.","Health","English"
"My throat tickles and triggers a coughing fit.","Health","English"
"Connecting flight cancel ho gayi aur ab layover mein phase huye hain.","Travel","Hinglish"
"They never refunded the deposit I paid months ago.","Complaint","English"
"Poori shaam se ek udaasi chhayi hui hai, hat hi nahi rahi.","Mood","Hinglish"
"Nazar thodi der ke liye dhundhli ho gayi thi.","Health","Hinglish"
"Security took forever at the airport this morning.","Travel","English"
"Submit karne ke baad kya hota hai, bata sakte ho?","General","Hinglish"
"Khana khane ke baad seene mein jalan hoti hai.","Health","Hinglish"
"Hamare hotel se harbour ka bahut acha view tha.","Travel","Hinglish"
"I've had heartburn every night this week.","Health","English"
"Ek hi wash mein item ka color fade ho gaya, jo bataya nahi gaya tha.","Complaint","Hinglish"
"Digestion thoda kharab chal raha hai do din se.","Health","Hinglish"
"Poora din back to back review meetings mein nikal gaya.","Work/Office","Hinglish"
"My lower back locks up whenever I sit too long.","Health","English"
"Product pehli baar use karte hi tut gaya.","Complaint","Hinglish"
"The travel agent suggested a completely different itinerary.","Travel","English"
"The team is short one developer for this sprint.","Work/Office","English"
"I feel a strange mix of excitement and dread about tomorrow.","Mood","English"
"Kai hafton baad sach mein sukoon feel ho raha hai.","Mood","Hinglish"
"System outage se poori team ka kaam ruka hua hai.","Work/Office","Hinglish"
"My mood swings have been all over the place lately.","Mood","English"
"Flight attendant ne mausam ki wajah se delay announce ki.","Travel","Hinglish"
"They kept me on hold and then disconnected the call entirely.","Complaint","English"
"I've had chills on and off all afternoon.","Health","English"
"I keep getting disconnected every time I try to reach an agent.","Complaint","English"
"Trip khatam hone se pehle return tickets confirm karni hain.","Travel","Hinglish"
"Where should I look to understand this better?","General","English"
"I need to coordinate the handover with the outgoing employee.","Work/Office","English"
"I forgot to log my hours for the past two days.","Work/Office","English"
"Work from home ki wajah se subah ab shanti se guzarti hai.","Work/Office","Hinglish"
"Manager ne meri complaint sunne se hi mana kar diya.","Complaint","Hinglish"
"Is baar resort ne free airport pickup offer kiya.","Travel","Hinglish"
"The trip got extended by two extra days unexpectedly.","Travel","English"
"Khud se hi chup chap frustrated hoon poore din se.","Mood","Hinglish"
"I feel like I'm running on empty emotionally.","Mood","English"
"We're driving down for the weekend instead of flying.","Travel","English"
"Aaj sab kuch halka halka sa lag raha hai, jaise bojh utar gaya.","Mood","Hinglish"
"Ek ajeeb sa dar mann mein ghar kar gaya hai jiski wajah pata nahi.","Mood","Hinglish"
"Zyada der baithne se peeth jam si jaati hai.","Health","Hinglish"
"Kal ke liye bahut excited hoon, ruka hi nahi ja raha.","Mood","Hinglish"
"Station pahuchte pahuchte train nikal hi gayi.","Travel","Hinglish"
"Mahino pehle diya deposit abhi tak refund nahi hua.","Complaint","Hinglish"
"Usually kaunse documents required hote hain, bata sakte ho?","General","Hinglish"
"Technician ne problem theek karne ki jagah aur bigaad diya.","Complaint","Hinglish"
"Is there an easier way to complete this step?","General","English"
"How do I download my previous statements?","General","English"
"Kandha mein muscle pull ho gaya heavy saman uthate waqt.","Health","Hinglish"
"There's a persistent itch on my scalp that won't quit.","Health","English"
"The service quality has gone downhill since the last update.","Complaint","English"
"I feel dizzy whenever I stand up too fast.","Health","English"
"Is registration ko complete karne ke steps kya hain?","General","Hinglish"
"I checked the weather before deciding on the destination.","Travel","English"
"Pait mein ek ajeeb bechaini ka gadha sa bana hua hai.","Mood","Hinglish"
"What's the recommended way to set this up initially?","General","English"
"Is there a way to preview this before finalizing it?","General","English"
"They keep sending promotional emails even after I unsubscribed.","Complaint","English"
"Lake district wali trip ek hafta postpone ho gayi.","Travel","Hinglish"
"Archived section tak access kaise milega?","General","Hinglish"
"What's the best way to reach out for more details?","General","English"
"Poore department ke liye training session rakha gaya hai.","Work/Office","Hinglish"
"Can you point me to the instructions for this setup?","General","English"
"I feel drained just thinking about tomorrow's schedule.","Mood","English"
"The doctor said my sugar levels need watching.","Health","English"
"Weekend trip ke liye abhi hotel book karna baaki hai.","Travel","Hinglish"
"How do I find out more about the upcoming changes?","General","English"
"Flight se bahut pehle hi airport pahuch gaye the.","Travel","Hinglish"
"Adapter bhool gaya tha, airport se hi kharidna pada.","Travel","Hinglish"
"Abhi lag raha hai sab kuch mujh par tut raha hai.","Mood","Hinglish"
"Poore din se hichki aa rahi hai, bahut irritating hai.","Health","Hinglish"
"My digestion has been off the last couple of days.","Health","English"
"I still need to book a hotel for the weekend trip.","Travel","English"
"I keep tearing up at the smallest things lately.","Mood","English"
"There's an unexplainable heaviness weighing on me.","Mood","English"
"The app's new update broke half the features I used regularly.","Complaint","English"
"My chest feels tight whenever I think about the exam.","Mood","English"
"Mausam badalne se aawaz kharash bhari ho gayi hai.","Health","Hinglish"
"What's the difference between these two plans?","General","English"
"The rental company upgraded our car at no extra cost.","Travel","English"
"In dono categories mein kya farak hai?","General","Hinglish"
"I woke up with my whole body feeling sore.","Health","English"
"The client call got rescheduled to early tomorrow morning.","Work/Office","English"
"Hamari flight aakhri waqt teen ghante late ho gayi.","Travel","Hinglish"
"I need to update the project tracker before the review.","Work/Office","English"
"Meri situation ke liye kaunsi category best fit karti hai, kaise pata karu?","General","Hinglish"
"My blood pressure reading was higher than usual today.","Health","English"
"Hafte ke aakhir mein ek all-hands meeting hone wali hai.","Work/Office","Hinglish"
"Hamari train achanak doosre platform pe shift ho gayi.","Travel","Hinglish"
"There's a mandatory compliance training due this week.","Work/Office","English"
"My billing address got mixed up and the order went elsewhere.","Complaint","English"
"Bheed se bachne ke liye subah jaldi wali flight book ki.","Travel","Hinglish"
"Warranty claim baar baar bina wajah reject ho raha hai.","Complaint","Hinglish"
"Coupon apply karte waqt site baar baar error dikhati hai.","Complaint","Hinglish"
"Apne hi vicharon mein doobta ja raha hoon jaise.","Mood","Hinglish"
"Store ne clearly defective product exchange karne se mana kar diya.","Complaint","Hinglish"
"Aur details ke liye contact karne ka best tareeka kya hai?","General","Hinglish"
"Can you explain what these different tiers mean?","General","English"
"Seene mein ajeeb sa pressure feel ho raha hai.","Health","Hinglish"
"I was charged for premium features that never actually worked.","Complaint","English"
"The delivery guy was extremely unprofessional and dismissive.","Complaint","English"
"We're onboarding a new vendor for the upcoming project.","Work/Office","English"
"I booked the earliest possible slot for the ferry crossing.","Travel","English"
"Can you tell me the steps to link a new account?","General","English"
"Manager ab har client call ke baad ek recap email maang rahe hain.","Work/Office","Hinglish"
"We had to rebook our tickets after the schedule changed.","Travel","English"
"Our connecting flight got cancelled and we're stuck at the layover.","Travel","English"
"My refund request has been pending approval for weeks.","Complaint","English"
"There's this constant knot of worry in my stomach.","Mood","English"
"Login karte waqt baar baar wahi error aa raha hai.","Complaint","Hinglish"
"Sar ki khaal mein khujli ruk hi nahi rahi hai.","Health","Hinglish"
"There's a heavy sadness that's settled in since morning.","Mood","English"
"I'm booking the hotel closer to the station this time.","Travel","English"
"Kal ki client presentation ke liye points taiyar kar raha hoon.","Work/Office","Hinglish"
"Mahino pehle cancel kiya service ka paisa phir bhi kaat liya.","Complaint","Hinglish"
"Yahan mentioned terms pe clarification kaise mile?","General","Hinglish"
"Blue jacket order ki thi, red bhej di unhone.","Complaint","Hinglish"
"Where can I read more about how this process works?","General","English"
"I keep getting these sharp twinges in my side.","Health","English"
"How does one go about renewing this membership?","General","English"
"My thoughts feel foggy and I can't focus on anything.","Mood","English"
"Kal swimming ke baad se kaan mein dard hai.","Health","Hinglish"
"I need to hand off my tasks before going on leave.","Work/Office","English"
"I've noticed my heartbeat racing for no reason.","Health","English"
"Is hafte do projects ki deadlines overlap kar rahi hain.","Work/Office","Hinglish"
"I've been running a low-grade temperature all week.","Health","English"
"Every joint in my body seems to ache today.","Health","English"
"My gums have been bleeding when I brush.","Health","English"
"Aankhein bhaari lag rahi hain, neend puri nahi hui.","Health","Hinglish"
"I woke up feeling strangely at peace with everything.","Mood","English"
"Test cases fail hone ki wajah se release postpone ho gaya.","Work/Office","Hinglish"
"Hamari bus lagbhag ek ghanta checkpoint pe atki rahi.","Travel","Hinglish"
"Release se pehle pull requests review karni hain.","Work/Office","Hinglish"
"The road trip playlist kept us entertained for hours.","Travel","English"
"Approval process kaise kaam karta hai, bata sakte ho?","General","Hinglish"
"Yeh issue apne team lead tak escalate karna padega.","Work/Office","Hinglish"
"Our guide showed us around the market in the old city.","Travel","English"
"The mountain roads were foggy the entire drive up.","Travel","English"
"Weekend sochte hi ek khushi ki lehar aa jaati hai.","Mood","Hinglish"
"Agle do mahino ke liye hiring freeze announce hui hai.","Work/Office","Hinglish"
"I received someone else's order instead of my own.","Complaint","English"
"I'm figuring out the best route to avoid tolls.","Travel","English"
"I feel like I might faint if I stand too quickly.","Health","English"
"My head has been throbbing since I woke up.","Health","English"
"Callback request karne ka process kya hai?","General","Hinglish"
"Isko further review karwane ka process kya hai?","General","Hinglish"
"My manager asked me to lead the next project update.","Work/Office","English"
"I woke up feeling unexpectedly hopeful today.","Mood","English"
"Pehle se kaunsi information ready rakhni hai?","General","Hinglish"
"I'm still deciding between the beach town and the mountains.","Travel","English"
"My complaint was closed without ever being resolved.","Complaint","English"
"Zyada der khade rehne par lagta hai behosh ho jaunga.","Health","Hinglish"
"Can you tell me how the approval process works?","General","English"
"My ears have been ringing and it's a bit worrying.","Health","English"
"My skin feels clammy and I'm sweating without reason.","Health","English"
"The deployment failed twice and the team is troubleshooting now.","Work/Office","English"
"Paanch baar call kiya, abhi tak koi issue resolve nahi hua.","Complaint","Hinglish"
"Teen alag websites pe hotel prices compare kar raha hoon.","Travel","Hinglish"
"My mind won't stop spiraling over the smallest things today.","Mood","English"
"They charged a cancellation fee even though I cancelled in time.","Complaint","English"
"I twisted my wrist and it hurts to hold a pen.","Health","English"
"How do I access the archived records from before?","General","English"
"Shin pe neel abhi bhi soft touch se dard karta hai.","Health","Hinglish"
"What's the correct way to fill out this field?","General","English"
"Is ranking ke liye kya criteria use hota hai, bata sakte ho?","General","Hinglish"
"The airport lounge was a nice place to wait out the layover.","Travel","English"
"Kal ka schedule sochte hi thak jaata hoon.","Mood","Hinglish"
"I'm practically bouncing off the walls with excitement.","Mood","English"
"Aankh mein kuch chubh raha hai, dust gaya hoga shayad.","Health","Hinglish"
"The airline lost our baggage during the connecting flight.","Travel","English"
"Dimaag bahut zyada chal raha hai, shant hi nahi ho raha.","Mood","Hinglish"
"Is hafte mandatory compliance training complete karni hai.","Work/Office","Hinglish"
"The office cafeteria is closed for renovation this week.","Work/Office","English"
"I'm buzzing with excitement about tomorrow.","Mood","English"
"Client ne requirements clarify karne ke liye call maanga hai.","Work/Office","Hinglish"
"Chhoti chhoti baaton par bhi aankhen bhar aati hain aajkal.","Mood","Hinglish"
"Client onboarding process lead karne ke liye mujhe assign kiya gaya hai.","Work/Office","Hinglish"
"Zyada type karne par haath sunn ho jaate hain.","Health","Hinglish"
"Patience bilkul patla ho gaya hai abhi.","Mood","Hinglish"
"Bina kisi wajah ke poore din edge par raha.","Mood","Hinglish"
"Yeh kis category mein aata hai, kaise pata karu?","General","Hinglish"
"I feel utterly exhausted even though I did nothing strenuous today.","Health","English"
"My hands go numb sometimes when I type too long.","Health","English"
"My joints crack and hurt more in cold weather.","Health","English"
"I've been feeling feverish and achy since last evening.","Health","English"
"I still need to arrange local transport for the sightseeing day.","Travel","English"
"Where can I find out more about how this functions?","General","English"
"Yahan points system kaise kaam karta hai, koi bata sakta hai?","General","Hinglish"
"Nayi policy ke hisaab se sabko nau baje tak badge in karna hai.","Work/Office","Hinglish"
"Can you explain how this feature actually works?","General","English"
"My lower abdomen has been tender to the touch.","Health","English"
"Product mein parts missing the aur koi instructions bhi nahi thi.","Complaint","Hinglish"
"What steps are involved in getting this approved?","General","English"
"Aaj ka stand-up normal se kaafi lamba chal gaya.","Work/Office","Hinglish"
"We're short-staffed this week due to two people being on leave.","Work/Office","English"
"I'm putting together slides for tomorrow's presentation.","Work/Office","English"
"I need to arrange transport from the airport to the hotel.","Travel","English"
"Chat support sirf automated, bekaar replies bheje ja raha hai.","Complaint","Hinglish"
"I woke up feeling refreshed and genuinely cheerful.","Mood","English"
"Pollen zyada hone par seene mein halki jakadan hoti hai.","Health","Hinglish"
"I feel like nobody really understands what I'm going through.","Mood","English"
"There's redness and irritation around my eye.","Health","English"
"Highway pe shehar se nikalte waqt bahut traffic mila.","Travel","Hinglish"
"My skin broke out in hives after eating shellfish.","Health","English"
"Finally pahado ki trip ke liye tickets book kar li.","Travel","Hinglish"
"Aisi cheez ke liye general guideline kya hoti hai?","General","Hinglish"
"Ek mahine se zyada ho gaya, meri complaint ka koi jawab hi nahi aaya.","Complaint","Hinglish"
"I'm planning the itinerary for our trip next weekend.","Travel","English"
"Complaint wala email bounce ho gaya, address exist hi nahi karta bola.","Complaint","Hinglish"
"Manager ab aage se weekly status updates maang rahe hain.","Work/Office","Hinglish"
"The item's color faded after just one wash, unlike advertised.","Complaint","English"
"I'm trying to find a good deal on flights for December.","Travel","English"
"Kitni bhi mehnat karu, kadar nahi hoti aisa lagta hai.","Mood","Hinglish"
"Sabse paas wala branch office kahan milega?","General","Hinglish"
"Do log leave pe hone se team is hafte short-staffed hai.","Work/Office","Hinglish"
"Yeh step complete karne ka koi easy tareeka hai kya?","General","Hinglish"
"Kai hafton baad chaal mein halkapan feel ho raha hai.","Mood","Hinglish"
"How do I enable notifications for this app?","General","English"
"Aise request ka usually turnaround time kitna hota hai?","General","Hinglish"
"I forgot my adapter and had to buy one at the airport.","Travel","English"
"Doctor ne bola sugar level thoda zyada aa raha hai.","Health","Hinglish"
"I feel emotionally exhausted after today's conversations.","Mood","English"
"Can you explain what each of these fields means?","General","English"
"Can you explain the general workflow for this task?","General","English"
"Is desh ke liye visa-on-arrival ke details pata karne hain.","Travel","Hinglish"
"What documents do I need to apply for this?","General","English"
"Where can I find a breakdown of these charges?","General","English"
"Kuch bhi zyada kiya nahi phir bhi bahut thakan hai aaj.","Health","Hinglish"
"Weekend se pehle monthly report taiyar karni hai.","Work/Office","Hinglish"
"Seene mein ek ajeeb sa bhaaripan hai jo samajh nahi aa raha.","Mood","Hinglish"
"Bechaini si hai, ek jagah baith hi nahi paa raha.","Mood","Hinglish"
"I feel a surge of confidence after that presentation.","Mood","English"
"Un cheezon ki tension ho rahi hai jo hui hi nahi hain abhi tak.","Mood","Hinglish"
"The technician never showed up despite the scheduled appointment.","Complaint","English"
"Hamara hotel beach ke bilkul saamne tha, kaafi convenient tha.","Travel","Hinglish"
"Is topic se related section kahan milega?","General","Hinglish"
"The store refused to exchange a clearly defective product.","Complaint","English"
"Doosre plan pe switch karne ka process kya hai?","General","Hinglish"
"Sabhi employees ke liye ek town hall meeting rakhi gayi hai.","Work/Office","Hinglish"
"I keep feeling this uneasy pit in my stomach.","Mood","English"
"Naya masala try kiya toh zubaan suj gayi lagti hai.","Health","Hinglish"
"Meri complaint bina resolve kiye automatically close ho gayi.","Complaint","Hinglish"
"Agent tak pahunchte hi baar baar call disconnect ho jaata hai.","Complaint","Hinglish"
"Flight phir se delay ho gayi, is baar do ghante aur.","Travel","Hinglish"
"Kal ki presentation ke liye slides bana raha hoon.","Work/Office","Hinglish"
"Finance team se approval ka abhi bhi wait kar raha hoon.","Work/Office","Hinglish"
"Is hafte renovation ki wajah se office cafeteria band hai.","Work/Office","Hinglish"
"I missed the morning stand-up because of a doctor's appointment.","Work/Office","English"
"The store's return policy wasn't honored when I tried to return it.","Complaint","English"
"Manual mein diye instructions actual product se match hi nahi karte.","Complaint","Hinglish"
"Rona chahta hoon par khud ko sambhal raha hoon.","Mood","Hinglish"
"The support team keeps closing my ticket without asking questions.","Complaint","English"
"I need to confirm the return tickets before the trip ends.","Travel","English"
"My tonsils feel swollen and painful to swallow past.","Health","English"
"Personal appointment ke liye ek din ki chutti maangi hai.","Work/Office","Hinglish"
"Hamara road trip route teen alag states se guzarta hai.","Travel","Hinglish"
"Subah uthte hi ek aankh puri tarah suj gayi thi.","Health","Hinglish"
"I feel a nagging sense of dread I can't place.","Mood","English"
"The website error kept charging my card multiple times.","Complaint","English"
"I was overcharged and the store won't issue a correction.","Complaint","English"
"Brush karte waqt masudo se khoon aa raha hai.","Health","Hinglish"
"Us call ke baad se bahut acche mood mein hoon.","Mood","Hinglish"
"Scheduled appointment ke baawajood technician aaya hi nahi.","Complaint","Hinglish"
"Apne purane statements kaise download karu?","General","Hinglish"
"I'm trying to find direct flights instead of connecting ones.","Travel","English"
"Manager ne agla project update lead karne ko bola hai.","Work/Office","Hinglish"
"Dil mein ek warmth hai jo bahut dino baad feel hui.","Mood","Hinglish"
"My data usage was charged incorrectly this billing cycle.","Complaint","English"
"Pichle kuch dino se gussa jaldi aa raha hai.","Mood","Hinglish"
"My timesheet needs to be submitted by end of day.","Work/Office","English"
"I've been unusually breathless during my evening walk.","Health","English"
"Extra baggage fees se bachne ke liye is baar halka pack kiya.","Travel","Hinglish"
"The taxi fare was way higher than what the app quoted.","Travel","English"
"I requested a day off for a personal appointment.","Work/Office","English"
"Subah nau baje se meetings mein hi phasa hua hoon.","Work/Office","Hinglish"
"I have to reschedule my one-on-one due to a conflict.","Work/Office","English"
"Product kharidne ke do din baad hi kharab ho gaya.","Complaint","Hinglish"
"Is there a way to switch between two different modes?","General","English"
"Sprint khatam hone se pehle teen naye tasks mil gaye.","Work/Office","Hinglish"
"There's a calm that's settled over me tonight.","Mood","English"
"Jo item mila woh advertisement se bilkul alag lag raha hai.","Complaint","Hinglish"
"Yeh bhejne se pehle legal se sign-off chahiye.","Work/Office","Hinglish"
"How do I know if I qualify for this option?","General","English"
"Shaam ko akelapan sa dard hota rehta hai lagatar.","Mood","Hinglish"
"Client call kal subah jaldi ke liye reschedule ho gayi.","Work/Office","Hinglish"
"Hamari train beech raste mein ek chhote station pe ruki.","Travel","Hinglish"
"Seafood khane ke baad skin pe daane nikal aaye.","Health","Hinglish"
"I need feedback on my appraisal self-assessment by tomorrow.","Work/Office","English"
"Bade din se pehle pait mein titliyan uddna band hi nahi ho raha.","Mood","Hinglish"
"Review se pehle project tracker update karna hai.","Work/Office","Hinglish"
"How do I find out which category this falls under?","General","English"
"I feel like I'm walking on eggshells around everyone lately.","Mood","English"
"Ek bechaini hai jo shant hone ka naam hi nahi le rahi.","Mood","Hinglish"
"There's a restlessness in me that won't settle down.","Mood","English"
"Upper back mein lagatar dard bana hua hai.","Health","Hinglish"
"There's a sting in my eye, might have gotten dust in it.","Health","English"
"I've been on edge all day for no clear reason.","Mood","English"
"Agle weekend ki trip ka itinerary plan kar raha hoon.","Travel","Hinglish"
"What's the usual process once the form is submitted?","General","English"
"Haath mein jhunjhuni si feel ho rahi hai.","Health","Hinglish"
"Bahut thakan mehsoos ho rahi hai poori neend ke baad bhi.","Health","Hinglish"
"How do I get in touch with the right department?","General","English"
"The overnight bus ride was surprisingly comfortable.","Travel","English"
"Khaana khaane ka man hi nahi kar raha hai.","Health","Hinglish"
"Settings section tak kaise navigate karu?","General","Hinglish"
"Can you walk me through the sign-up process?","General","English"
"I get breathless just climbing one flight of stairs lately.","Health","English"
"Where should I go to find more details on this topic?","General","English"
"Is there a manual explaining all the available features?","General","English"
"Company issue solve karne ke bajaye courier ko blame karti rehti hai.","Complaint","Hinglish"
"Har raat khaana khane ke baad heartburn ho raha hai.","Health","Hinglish"
"Beach ke paas budget-friendly stay dhundh raha hoon.","Travel","Hinglish"
"The delivery window kept changing three times in one day.","Complaint","English"
"Rental company ne bina extra paise liye car upgrade kar di.","Travel","Hinglish"
"I feel like breaking down but I'm holding it together.","Mood","English"
"Form submit hone ke baad usual process kya hota hai?","General","Hinglish"
"I can't stop smiling, everything just feels right today.","Mood","English"
"The courier left the package in the rain, ruining it.","Complaint","English"
"Is billing cycle mein data usage galat charge kiya gaya hai.","Complaint","Hinglish"
"Abhi ek ajeeb sukoon sa mehsoos hua achanak se.","Mood","Hinglish"
"Courier ne package baarish mein chhod diya, kharab ho gaya.","Complaint","Hinglish"
"How can I get more information about this option?","General","English"
"My manager wants a status update by end of business today.","Work/Office","English"
"Meri complaint bina resolve kiye hi close kar di gayi.","Complaint","Hinglish"
"Can you tell me what documents are typically required?","General","English"
"I've had trouble digesting anything heavy this week.","Health","English"
"My throat feels raw every time I swallow.","Health","English"
"Vichar dhundhle se hain, kisi cheez pe focus nahi ho raha.","Mood","Hinglish"
"My account was suspended without any explanation whatsoever.","Complaint","English"
"How do I find the right form for this purpose?","General","English"
"Delivery bilkul galat address pe deliver kar di gayi.","Complaint","Hinglish"
"Flight pakadne ke liye subah paanch baje ki cab book ki hai.","Travel","Hinglish"
"Lambi flight ke liye window seat book ki hai.","Travel","Hinglish"
"The website keeps logging me out in the middle of transactions.","Complaint","English"
"Is hafte naye intern ko mentor karne ko kaha gaya hai.","Work/Office","Hinglish"
"The airline charged extra for the additional baggage.","Travel","English"
"I've been on hold with customer service for over an hour now.","Complaint","English"
"Our driver got lost trying to find the resort.","Travel","English"
"Mera refund bilkul galat account mein process ho gaya.","Complaint","Hinglish"
"Is baar station ke paas wala hotel book kar raha hoon.","Travel","Hinglish"
"I've been feeling melancholic all evening, hard to shake off.","Mood","English"
"Our road trip route passes through three different states.","Travel","English"
"Aisi queries ka standard response time kya hota hai?","General","Hinglish"
"My stomach has been cramping since breakfast.","Health","English"
"Kuch bhi khushi nahi de raha aajkal.","Mood","Hinglish"
"Manager ne town hall mein findings present karne ko kaha hai.","Work/Office","Hinglish"
"Chhoti chhoti baaton par dimaag bahut zyada soch raha hai aaj.","Mood","Hinglish"
"Today just feels lighter, like a weight has lifted.","Mood","English"
"Aakhri waqt flight upgrade ho gayi, surprising tha yeh.","Travel","Hinglish"
"Har stage pe kya hota hai, kaise pata karu?","General","Hinglish"
"Yeh membership renew karne ka tareeka kya hai?","General","Hinglish"
"How do I switch my preferred language on the platform?","General","English"
"The product looks like a cheap knockoff of what was advertised.","Complaint","English"
"My vision blurred for a moment and then cleared up.","Health","English"
"There's a hiring freeze announced for the next two months.","Work/Office","English"
"Din bhar se ek shant sa santosh mehsoos ho raha hai.","Mood","Hinglish"
"Ek ghante se zyada se customer service pe hold pe hoon.","Complaint","Hinglish"
"My manager wants the presentation shortened to ten slides.","Work/Office","English"
"They shipped the wrong size despite me specifying it clearly.","Complaint","English"
"I need to submit my leave application before the cutoff.","Work/Office","English"
"Sab kuch ho raha hai around mujhe par kuch feel nahi ho raha.","Mood","Hinglish"
"Bhaari khaana digest karna mushkil ho raha hai is hafte.","Health","Hinglish"
"Repair ki wajah se road band tha, humein detour lena pada.","Travel","Hinglish"
"Raat ko hip mein dard uthta hai jo neend kharab kar deta hai.","Health","Hinglish"
"The airport shuttle never showed up on time.","Travel","English"
"Account statement mein aise charges hain jo maine kabhi kiye hi nahi.","Complaint","Hinglish"
"There's a dull ache behind my eyes that won't go away.","Health","English"
"I've been feeling on edge, waiting for something to go wrong.","Mood","English"
"The bus broke down halfway through the journey.","Travel","English"
"Our team missed the sprint goal by a couple of tasks.","Work/Office","English"
"Where can I learn more about how this system operates?","General","English"
"Destination decide karne se pehle mausam check kiya.","Travel","Hinglish"
"I feel really appreciated after that message from my friend.","Mood","English"
"Ab har doosre din migraine ho jaata hai.","Health","Hinglish"
"Sign-up process mujhe step by step samjha sakte ho?","General","Hinglish"
"What's the process involved in requesting a change?","General","English"
"Aaj mera patience bahut kam hai normal se.","Mood","Hinglish"
"Is app mein notifications kaise enable karu?","General","Hinglish"
"Season khatam hone se pehle hill station explore karna hai.","Travel","Hinglish"
"There's a satisfying calm after finally finishing that task.","Mood","English"
"Aaj celebrate karne ka man hai, sab kuch sahi ho gaya.","Mood","Hinglish"
"What options do I have if I want to modify this?","General","English"
"Road trip wali playlist ne ghanto entertain kiya humein.","Travel","Hinglish"
"Running karte waqt calf mein khichaav aa gaya.","Health","Hinglish"
"The item was listed as in stock but never actually shipped.","Complaint","English"
"Butterflies won't stop in my stomach before the big day.","Mood","English"
"Yeh poora system kaise structured hai, bata sakte ho?","General","Hinglish"
"Is process ka clearer explanation kahan milega?","General","Hinglish"
"I woke up with a crick in my neck.","Health","English"
"I keep zoning out, my thoughts are all over the place.","Mood","English"
"Yahan bas baithe baithe ek shant khushi feel ho rahi hai.","Mood","Hinglish"
"Quality picture mein dikhayi gayi cheez se bilkul door hai.","Complaint","Hinglish"
"Countryside se guzarti ek scenic train ride li.","Travel","Hinglish"
"The staff didn't even acknowledge me for ten minutes at the counter.","Complaint","English"
"Thand mein jodo mein zyada dard hota hai.","Health","Hinglish"
"There's a lightness in my step I haven't felt in weeks.","Mood","English"
"I've submitted the same complaint three times with no resolution.","Complaint","English"
"Poore din energy kam aur mood flat sa raha.","Mood","Hinglish"
"They cancelled my booking without any notice or explanation.","Complaint","English"
"I strained something in my calf during the run.","Health","English"
"I'm compiling the meeting notes to share with the team.","Work/Office","English"
"Nobody responded to my email even after a full week.","Complaint","English"
"The staff at the counter was incredibly rude to me.","Complaint","English"
"The office is shifting to a hybrid schedule starting next month.","Work/Office","English"
"Airport drop ke liye pehle se cab book karni hai.","Travel","Hinglish"
"My appetite dropped drastically after the stomach bug.","Health","English"
"The subscription renewed automatically without any warning at all.","Complaint","English"
"My complaint email bounced back saying the address doesn't exist.","Complaint","English"
"Waitlist ki wajah se train ticket automatically cancel ho gayi.","Travel","Hinglish"
"Is category ke liye kya options available hain?","General","Hinglish"
"Yeh system kaise operate karta hai, iske baare mein kahan seekhu?","General","Hinglish"
"Raat bhar neend nahi aayi, karvatein badalta raha.","Health","Hinglish"
"The instructions in the manual don't match the actual product.","Complaint","English"
"I need to renew my passport before the trip next year.","Travel","English"
"Client ka ek urgent escalation dekhna zaroori hai abhi.","Work/Office","Hinglish"
"The site keeps showing an error whenever I try to apply a coupon.","Complaint","English"
"Doctor ke appointment ki wajah se morning stand-up miss ho gaya.","Work/Office","Hinglish"
"The store manager was dismissive when I raised the issue.","Complaint","English"
"Kal ko lekar ajeeb sa mix feel ho raha hai, excitement aur dar dono.","Mood","Hinglish"
"Allergy ki dawai bhi zyada asar nahi kar rahi hai.","Health","Hinglish"
"What's the process for applying to this program?","General","English"
"Woh video dekh kar ajeeb sa emotional feel hua abhi.","Mood","Hinglish"
"Weekdays mein store kis time khulta hai?","General","Hinglish"
"I was charged a hidden fee that wasn't disclosed anywhere.","Complaint","English"
"I feel a rush of happiness just thinking about the weekend.","Mood","English"
"The order got cancelled on their end with zero communication.","Complaint","English"
"Ek manzil chadhte hi saans phoolne lagti hai aajkal.","Health","Hinglish"
"Meri refund request haftonse pending approval mein hai.","Complaint","Hinglish"
"Order karne ke baad kya delivery address change ho sakta hai?","General","Hinglish"
"Can you clarify how this calculation is done?","General","English"
"There's a persistent cramp in my calf muscle.","Health","English"
"Is program mein apply karne ka process kya hai?","General","Hinglish"
"Jabde mein tightness hai, shayad daant bhinchne se hua hoga.","Health","Hinglish"
"I'm still finalizing the dates for the trip next month.","Travel","English"
"Aaj ki baaton ke baad emotionally bahut thak gaya hoon.","Mood","Hinglish"
"December ki flights pe acha deal dhundh raha hoon.","Travel","Hinglish"
"The product arrived a month late with no explanation.","Complaint","English"
"Our train had a brief halt at a small station midway.","Travel","English"
"The allergy medicine isn't doing much for my sniffles.","Health","English"
"The deadline got pushed up and now I'm scrambling to finish.","Work/Office","English"
"There's an ache in my hip that flares up at night.","Health","English"
"Traffic ki wajah se aaj phir office late pahucha.","Work/Office","Hinglish"
